"HT","hto_id","totalseq_barcode_name","barcode_id","clone","hto_barcode"
"HT1","human_hto_01","anti-human Hashtag 1",251,"LNH-94, 2M2","GTCAACTCTTTAGCG"
"HT10","human_hto_10","anti-human Hashtag 10",260,"LNH-94, 2M2","ATTGACCCGCGTTAG"
"HT12","human_hto_12","anti-human Hashtag 12",262,"LNH-94, 2M2","TAACGACCAGCCATA"
"HT13","human_hto_13","anti-human Hashtag 13",263,"LNH-94, 2M2","AAATCTCTCAGGCTC"
"HT14","human_hto_14","anti-human Hashtag 14",264,"LNH-94, 2M2","CTGTATGTCCGATTG"
"HT15","human_hto_15","anti-human Hashtag 15",265,"LNH-94, 2M2","TAAGATTCAGAGCGA"
"HT2","human_hto_02","anti-human Hashtag 2",252,"LNH-94, 2M2","TGATGGCCTATTGGG"
"HT3","human_hto_03","anti-human Hashtag 3",253,"LNH-94, 2M2","TTCCGCCTCTCTTTG"
"HT4","human_hto_04","anti-human Hashtag 4",254,"LNH-94, 2M2","AGTAAGTTCAGCGTA"
"HT5","human_hto_05","anti-human Hashtag 5",255,"LNH-94, 2M2","AAGTATCGTTTCGCA"
"HT6","human_hto_06","anti-human Hashtag 6",256,"LNH-94, 2M2","GGTTGCCAGATGTCA"
"HT7","human_hto_07","anti-human Hashtag 7",257,"LNH-94, 2M2","TGTCTTTCCTGCCAG"
"HT8","human_hto_08","anti-human Hashtag 8",258,"LNH-94, 2M2","CTCCTCTGCAATTAC"
"HT9","human_hto_09","anti-human Hashtag 9",259,"LNH-94, 2M2","CAGTAGTCACGGTCA"
