"hto_id","totalseq_barcode_name","barcode_id","clone","hto_barcode"
"mouse_hto_01","anti-mouse Hashtag 1",301,"M1/42, 30-F11","ACCCACCAGTAAGAC"
"mouse_hto_10","anti-mouse Hashtag 10",310,"M1/42, 30-F11","CCGATTGTAACAGAC"
"mouse_hto_11","anti-mouse Hashtag 11",311,"M1/42, 30-F11","GCTTACCGAATTAAC"
"mouse_hto_12","anti-mouse Hashtag 12",312,"M1/42, 30-F11","CTGCAAATATAACGG"
"mouse_hto_13","anti-mouse Hashtag 13",313,"M1/42, 30-F11","CTACATTGCGATTTG"
"mouse_hto_14","anti-mouse Hashtag 14",314,"M1/42, 30-F11","CTTTCGCCAACTCTG"
"mouse_hto_15","anti-mouse Hashtag 15",315,"M1/42, 30-F11","CCCTCTCTGGATTCT"
"mouse_hto_02","anti-mouse Hashtag 2",302,"M1/42, 30-F11","GGTCGAGAGCATTCA"
"mouse_hto_03","anti-mouse Hashtag 3",303,"M1/42, 30-F11","CTTGCCGCATGTCAT"
"mouse_hto_04","anti-mouse Hashtag 4",304,"M1/42, 30-F11","AAAGCATTCTTCACG"
"mouse_hto_05","anti-mouse Hashtag 5",305,"M1/42, 30-F11","CTTTGTCTTTGTGAG"
"mouse_hto_06","anti-mouse Hashtag 6",306,"M1/42, 30-F11","TATGCTGCCACGGTA"
"mouse_hto_07","anti-mouse Hashtag 7",307,"M1/42, 30-F11","GAGTCTGCCAGTATC"
"mouse_hto_08","anti-mouse Hashtag 8",308,"M1/42, 30-F11","TATAGAACGCCAGGC"
"mouse_hto_09","anti-mouse Hashtag 9",309,"M1/42, 30-F11","TGCCTATGAAACAAG"
